<?xml version="1.0" encoding="Windows-1252"?>
<ArrayOfConstructs xmlns:xsi="http://www.w3.org/2001/XMLSchema-instance" xmlns:xsd="http://www.w3.org/2001/XMLSchema">
  <Constructs>
    <ConstructName>CubeGuy</ConstructName>
    <StatcParts>
      <StaticPart>
        <position>
          <x>0</x>
          <y>-1.52999878</y>
          <z>0</z>
        </position>
        <rotation>
          <x>0</x>
          <y>0</y>
          <z>0</z>
          <w>1</w>
          <eulerAngles>
            <x>0</x>
            <y>0</y>
            <z>0</z>
          </eulerAngles>
        </rotation>
      </StaticPart>
    </StatcParts>
    <MovingPartArray>
      <Name>LeftArm</Name>
      <ParentLoc>
        <x>-2.02080178</x>
        <y>1.47337389</y>
        <z>0</z>
      </ParentLoc>
      <ParentRot>
        <x>0</x>
        <y>0</y>
        <z>0</z>
        <w>1</w>
        <eulerAngles>
          <x>0</x>
          <y>0</y>
          <z>0</z>
        </eulerAngles>
      </ParentRot>
      <Scale>
        <x>1</x>
        <y>1</y>
        <z>1</z>
      </Scale>
      <ParentMovingPart>Torso</ParentMovingPart>
      <CubeLoc>
        <Cubes>
          <position>
            <x>0</x>
            <y>0</y>
            <z>0</z>
          </position>
          <rotation>
            <x>0</x>
            <y>0</y>
            <z>0</z>
            <w>1</w>
            <eulerAngles>
              <x>0</x>
              <y>0</y>
              <z>0</z>
            </eulerAngles>
          </rotation>
        </Cubes>
        <Cubes>
          <position>
            <x>-0.160000086</x>
            <y>-1</y>
            <z>0</z>
          </position>
          <rotation>
            <x>0</x>
            <y>0</y>
            <z>0</z>
            <w>1</w>
            <eulerAngles>
              <x>0</x>
              <y>0</y>
              <z>0</z>
            </eulerAngles>
          </rotation>
        </Cubes>
        <Cubes>
          <position>
            <x>-0.160000086</x>
            <y>-2</y>
            <z>0</z>
          </position>
          <rotation>
            <x>0</x>
            <y>0</y>
            <z>0</z>
            <w>1</w>
            <eulerAngles>
              <x>0</x>
              <y>0</y>
              <z>0</z>
            </eulerAngles>
          </rotation>
        </Cubes>
      </CubeLoc>
      <CubesGiven>0</CubesGiven>
    </MovingPartArray>
    <MovingPartArray>
      <Name>RightArm</Name>
      <ParentLoc>
        <x>1.97919822</x>
        <y>1.47337389</y>
        <z>0</z>
      </ParentLoc>
      <ParentRot>
        <x>0</x>
        <y>0</y>
        <z>0</z>
        <w>1</w>
        <eulerAngles>
          <x>0</x>
          <y>0</y>
          <z>0</z>
        </eulerAngles>
      </ParentRot>
      <Scale>
        <x>1</x>
        <y>1</y>
        <z>1</z>
      </Scale>
      <ParentMovingPart>Torso</ParentMovingPart>
      <CubeLoc>
        <Cubes>
          <position>
            <x>0.160000086</x>
            <y>-2</y>
            <z>0</z>
          </position>
          <rotation>
            <x>0</x>
            <y>0</y>
            <z>0</z>
            <w>1</w>
            <eulerAngles>
              <x>0</x>
              <y>0</y>
              <z>0</z>
            </eulerAngles>
          </rotation>
        </Cubes>
        <Cubes>
          <position>
            <x>0.160000086</x>
            <y>-1</y>
            <z>0</z>
          </position>
          <rotation>
            <x>0</x>
            <y>0</y>
            <z>0</z>
            <w>1</w>
            <eulerAngles>
              <x>0</x>
              <y>0</y>
              <z>0</z>
            </eulerAngles>
          </rotation>
        </Cubes>
        <Cubes>
          <position>
            <x>0</x>
            <y>0</y>
            <z>0</z>
          </position>
          <rotation>
            <x>0</x>
            <y>0</y>
            <z>0</z>
            <w>1</w>
            <eulerAngles>
              <x>0</x>
              <y>0</y>
              <z>0</z>
            </eulerAngles>
          </rotation>
        </Cubes>
      </CubeLoc>
      <CubesGiven>0</CubesGiven>
    </MovingPartArray>
    <MovingPartArray>
      <Name>LeftLeg</Name>
      <ParentLoc>
        <x>-1</x>
        <y>-1.5</y>
        <z>0</z>
      </ParentLoc>
      <ParentRot>
        <x>0</x>
        <y>0</y>
        <z>0</z>
        <w>1</w>
        <eulerAngles>
          <x>0</x>
          <y>0</y>
          <z>0</z>
        </eulerAngles>
      </ParentRot>
      <Scale>
        <x>1</x>
        <y>1</y>
        <z>1</z>
      </Scale>
      <ParentMovingPart />
      <CubeLoc>
        <Cubes>
          <position>
            <x>0</x>
            <y>-0.170000076</y>
            <z>0</z>
          </position>
          <rotation>
            <x>0</x>
            <y>0</y>
            <z>0</z>
            <w>1</w>
            <eulerAngles>
              <x>0</x>
              <y>0</y>
              <z>0</z>
            </eulerAngles>
          </rotation>
        </Cubes>
        <Cubes>
          <position>
            <x>0</x>
            <y>-2.17</y>
            <z>0</z>
          </position>
          <rotation>
            <x>0</x>
            <y>0</y>
            <z>0</z>
            <w>1</w>
            <eulerAngles>
              <x>0</x>
              <y>0</y>
              <z>0</z>
            </eulerAngles>
          </rotation>
        </Cubes>
        <Cubes>
          <position>
            <x>0</x>
            <y>-1.17000008</y>
            <z>0</z>
          </position>
          <rotation>
            <x>0</x>
            <y>0</y>
            <z>0</z>
            <w>1</w>
            <eulerAngles>
              <x>0</x>
              <y>0</y>
              <z>0</z>
            </eulerAngles>
          </rotation>
        </Cubes>
      </CubeLoc>
      <CubesGiven>0</CubesGiven>
    </MovingPartArray>
    <MovingPartArray>
      <Name>RightLeg</Name>
      <ParentLoc>
        <x>1</x>
        <y>-1.5</y>
        <z>0</z>
      </ParentLoc>
      <ParentRot>
        <x>0</x>
        <y>0</y>
        <z>0</z>
        <w>1</w>
        <eulerAngles>
          <x>0</x>
          <y>0</y>
          <z>0</z>
        </eulerAngles>
      </ParentRot>
      <Scale>
        <x>1</x>
        <y>1</y>
        <z>1</z>
      </Scale>
      <ParentMovingPart />
      <CubeLoc>
        <Cubes>
          <position>
            <x>0</x>
            <y>-1.17000008</y>
            <z>0</z>
          </position>
          <rotation>
            <x>0</x>
            <y>0</y>
            <z>0</z>
            <w>1</w>
            <eulerAngles>
              <x>0</x>
              <y>0</y>
              <z>0</z>
            </eulerAngles>
          </rotation>
        </Cubes>
        <Cubes>
          <position>
            <x>0</x>
            <y>-2.17</y>
            <z>0</z>
          </position>
          <rotation>
            <x>0</x>
            <y>0</y>
            <z>0</z>
            <w>1</w>
            <eulerAngles>
              <x>0</x>
              <y>0</y>
              <z>0</z>
            </eulerAngles>
          </rotation>
        </Cubes>
        <Cubes>
          <position>
            <x>0</x>
            <y>-0.170000076</y>
            <z>0</z>
          </position>
          <rotation>
            <x>0</x>
            <y>0</y>
            <z>0</z>
            <w>1</w>
            <eulerAngles>
              <x>0</x>
              <y>0</y>
              <z>0</z>
            </eulerAngles>
          </rotation>
        </Cubes>
      </CubeLoc>
      <CubesGiven>0</CubesGiven>
    </MovingPartArray>
    <MovingPartArray>
      <Name>Torso</Name>
      <ParentLoc>
        <x>0</x>
        <y>0</y>
        <z>0</z>
      </ParentLoc>
      <ParentRot>
        <x>0</x>
        <y>0</y>
        <z>0</z>
        <w>1</w>
        <eulerAngles>
          <x>0</x>
          <y>0</y>
          <z>0</z>
        </eulerAngles>
      </ParentRot>
      <Scale>
        <x>1</x>
        <y>1</y>
        <z>1</z>
      </Scale>
      <ParentMovingPart />
      <CubeLoc>
        <Cubes>
          <position>
            <x>-0.0208017379</x>
            <y>0.4733739</y>
            <z>0</z>
          </position>
          <rotation>
            <x>0</x>
            <y>0</y>
            <z>0</z>
            <w>1</w>
            <eulerAngles>
              <x>0</x>
              <y>0</y>
              <z>0</z>
            </eulerAngles>
          </rotation>
        </Cubes>
        <Cubes>
          <position>
            <x>0.9791983</x>
            <y>0.4733739</y>
            <z>0</z>
          </position>
          <rotation>
            <x>0</x>
            <y>0</y>
            <z>0</z>
            <w>1</w>
            <eulerAngles>
              <x>0</x>
              <y>0</y>
              <z>0</z>
            </eulerAngles>
          </rotation>
        </Cubes>
        <Cubes>
          <position>
            <x>-1.02080178</x>
            <y>0.4733739</y>
            <z>0</z>
          </position>
          <rotation>
            <x>0</x>
            <y>0</y>
            <z>0</z>
            <w>1</w>
            <eulerAngles>
              <x>0</x>
              <y>0</y>
              <z>0</z>
            </eulerAngles>
          </rotation>
        </Cubes>
        <Cubes>
          <position>
            <x>-1.02080178</x>
            <y>-0.5266261</y>
            <z>0</z>
          </position>
          <rotation>
            <x>0</x>
            <y>0</y>
            <z>0</z>
            <w>1</w>
            <eulerAngles>
              <x>0</x>
              <y>0</y>
              <z>0</z>
            </eulerAngles>
          </rotation>
        </Cubes>
        <Cubes>
          <position>
            <x>0.9791983</x>
            <y>-0.5266261</y>
            <z>0</z>
          </position>
          <rotation>
            <x>0</x>
            <y>0</y>
            <z>0</z>
            <w>1</w>
            <eulerAngles>
              <x>0</x>
              <y>0</y>
              <z>0</z>
            </eulerAngles>
          </rotation>
        </Cubes>
        <Cubes>
          <position>
            <x>-0.0208017379</x>
            <y>-0.5266261</y>
            <z>0</z>
          </position>
          <rotation>
            <x>0</x>
            <y>0</y>
            <z>0</z>
            <w>1</w>
            <eulerAngles>
              <x>0</x>
              <y>0</y>
              <z>0</z>
            </eulerAngles>
          </rotation>
        </Cubes>
        <Cubes>
          <position>
            <x>-1.02080178</x>
            <y>1.47337389</y>
            <z>0</z>
          </position>
          <rotation>
            <x>0</x>
            <y>0</y>
            <z>0</z>
            <w>1</w>
            <eulerAngles>
              <x>0</x>
              <y>0</y>
              <z>0</z>
            </eulerAngles>
          </rotation>
        </Cubes>
        <Cubes>
          <position>
            <x>0.9791983</x>
            <y>1.47337389</y>
            <z>0</z>
          </position>
          <rotation>
            <x>0</x>
            <y>0</y>
            <z>0</z>
            <w>1</w>
            <eulerAngles>
              <x>0</x>
              <y>0</y>
              <z>0</z>
            </eulerAngles>
          </rotation>
        </Cubes>
        <Cubes>
          <position>
            <x>-0.0208017379</x>
            <y>1.47337389</y>
            <z>0</z>
          </position>
          <rotation>
            <x>0</x>
            <y>0</y>
            <z>0</z>
            <w>1</w>
            <eulerAngles>
              <x>0</x>
              <y>0</y>
              <z>0</z>
            </eulerAngles>
          </rotation>
        </Cubes>
        <Cubes>
          <position>
            <x>-0.0208017379</x>
            <y>2.47337413</y>
            <z>0</z>
          </position>
          <rotation>
            <x>0</x>
            <y>0</y>
            <z>0</z>
            <w>1</w>
            <eulerAngles>
              <x>0</x>
              <y>0</y>
              <z>0</z>
            </eulerAngles>
          </rotation>
        </Cubes>
        <Cubes>
          <position>
            <x>0</x>
            <y>0</y>
            <z>0</z>
          </position>
          <rotation>
            <x>0</x>
            <y>0</y>
            <z>0</z>
            <w>1</w>
            <eulerAngles>
              <x>0</x>
              <y>0</y>
              <z>0</z>
            </eulerAngles>
          </rotation>
        </Cubes>
        <Cubes>
          <position>
            <x>0</x>
            <y>0</y>
            <z>0</z>
          </position>
          <rotation>
            <x>0</x>
            <y>0</y>
            <z>0</z>
            <w>1</w>
            <eulerAngles>
              <x>0</x>
              <y>0</y>
              <z>0</z>
            </eulerAngles>
          </rotation>
        </Cubes>
      </CubeLoc>
      <CubesGiven>0</CubesGiven>
    </MovingPartArray>
  </Constructs>
  <Constructs>
    <ConstructName>TurretConstruct</ConstructName>
    <StatcParts>
      <StaticPart>
        <position>
          <x>-0.294833034</x>
          <y>-1.53026021</y>
          <z>0</z>
        </position>
        <rotation>
          <x>0</x>
          <y>0</y>
          <z>0</z>
          <w>1</w>
          <eulerAngles>
            <x>0</x>
            <y>0</y>
            <z>0</z>
          </eulerAngles>
        </rotation>
      </StaticPart>
      <StaticPart>
        <position>
          <x>0.205166966</x>
          <y>-0.5302602</y>
          <z>0.5</z>
        </position>
        <rotation>
          <x>0</x>
          <y>0</y>
          <z>0</z>
          <w>1</w>
          <eulerAngles>
            <x>0</x>
            <y>0</y>
            <z>0</z>
          </eulerAngles>
        </rotation>
      </StaticPart>
      <StaticPart>
        <position>
          <x>-0.794833064</x>
          <y>-0.5302602</y>
          <z>0.5</z>
        </position>
        <rotation>
          <x>0</x>
          <y>0</y>
          <z>0</z>
          <w>1</w>
          <eulerAngles>
            <x>0</x>
            <y>0</y>
            <z>0</z>
          </eulerAngles>
        </rotation>
      </StaticPart>
      <StaticPart>
        <position>
          <x>-0.794833064</x>
          <y>-0.5302602</y>
          <z>-0.5</z>
        </position>
        <rotation>
          <x>0</x>
          <y>0</y>
          <z>0</z>
          <w>1</w>
          <eulerAngles>
            <x>0</x>
            <y>0</y>
            <z>0</z>
          </eulerAngles>
        </rotation>
      </StaticPart>
      <StaticPart>
        <position>
          <x>0.205166966</x>
          <y>-0.5302602</y>
          <z>-0.5</z>
        </position>
        <rotation>
          <x>0</x>
          <y>0</y>
          <z>0</z>
          <w>1</w>
          <eulerAngles>
            <x>0</x>
            <y>0</y>
            <z>0</z>
          </eulerAngles>
        </rotation>
      </StaticPart>
      <StaticPart>
        <position>
          <x>0.705166936</x>
          <y>-1.53026021</y>
          <z>0</z>
        </position>
        <rotation>
          <x>0</x>
          <y>0</y>
          <z>0</z>
          <w>1</w>
          <eulerAngles>
            <x>0</x>
            <y>0</y>
            <z>0</z>
          </eulerAngles>
        </rotation>
      </StaticPart>
      <StaticPart>
        <position>
          <x>-1.29483306</x>
          <y>-1.53026021</y>
          <z>0</z>
        </position>
        <rotation>
          <x>0</x>
          <y>0</y>
          <z>0</z>
          <w>1</w>
          <eulerAngles>
            <x>0</x>
            <y>0</y>
            <z>0</z>
          </eulerAngles>
        </rotation>
      </StaticPart>
      <StaticPart>
        <position>
          <x>-1.29483306</x>
          <y>-1.53026021</y>
          <z>-1</z>
        </position>
        <rotation>
          <x>0</x>
          <y>0</y>
          <z>0</z>
          <w>1</w>
          <eulerAngles>
            <x>0</x>
            <y>0</y>
            <z>0</z>
          </eulerAngles>
        </rotation>
      </StaticPart>
      <StaticPart>
        <position>
          <x>0.705166936</x>
          <y>-1.53026021</y>
          <z>-1</z>
        </position>
        <rotation>
          <x>0</x>
          <y>0</y>
          <z>0</z>
          <w>1</w>
          <eulerAngles>
            <x>0</x>
            <y>0</y>
            <z>0</z>
          </eulerAngles>
        </rotation>
      </StaticPart>
      <StaticPart>
        <position>
          <x>-0.294833034</x>
          <y>-1.53026021</y>
          <z>-1</z>
        </position>
        <rotation>
          <x>0</x>
          <y>0</y>
          <z>0</z>
          <w>1</w>
          <eulerAngles>
            <x>0</x>
            <y>0</y>
            <z>0</z>
          </eulerAngles>
        </rotation>
      </StaticPart>
      <StaticPart>
        <position>
          <x>-0.294833034</x>
          <y>-1.53026021</y>
          <z>1</z>
        </position>
        <rotation>
          <x>0</x>
          <y>0</y>
          <z>0</z>
          <w>1</w>
          <eulerAngles>
            <x>0</x>
            <y>0</y>
            <z>0</z>
          </eulerAngles>
        </rotation>
      </StaticPart>
      <StaticPart>
        <position>
          <x>0.705166936</x>
          <y>-1.53026021</y>
          <z>1</z>
        </position>
        <rotation>
          <x>0</x>
          <y>0</y>
          <z>0</z>
          <w>1</w>
          <eulerAngles>
            <x>0</x>
            <y>0</y>
            <z>0</z>
          </eulerAngles>
        </rotation>
      </StaticPart>
      <StaticPart>
        <position>
          <x>-1.29483306</x>
          <y>-1.53026021</y>
          <z>1</z>
        </position>
        <rotation>
          <x>0</x>
          <y>0</y>
          <z>0</z>
          <w>1</w>
          <eulerAngles>
            <x>0</x>
            <y>0</y>
            <z>0</z>
          </eulerAngles>
        </rotation>
      </StaticPart>
    </StatcParts>
    <MovingPartArray>
      <Name>Turret</Name>
      <ParentLoc>
        <x>0</x>
        <y>0</y>
        <z>0</z>
      </ParentLoc>
      <ParentRot>
        <x>0</x>
        <y>0</y>
        <z>0</z>
        <w>1</w>
        <eulerAngles>
          <x>0</x>
          <y>0</y>
          <z>0</z>
        </eulerAngles>
      </ParentRot>
      <Scale>
        <x>1</x>
        <y>1</y>
        <z>1</z>
      </Scale>
      <ParentMovingPart />
      <CubeLoc>
        <Cubes>
          <position>
            <x>0.294832915</x>
            <y>0.4697398</y>
            <z>-1</z>
          </position>
          <rotation>
            <x>0</x>
            <y>0.707106769</y>
            <z>0</z>
            <w>-0.707106769</w>
            <eulerAngles>
              <x>0</x>
              <y>270</y>
              <z>0</z>
            </eulerAngles>
          </rotation>
        </Cubes>
        <Cubes>
          <position>
            <x>-0.705167055</x>
            <y>0.4697398</y>
            <z>0</z>
          </position>
          <rotation>
            <x>0</x>
            <y>0.707106769</y>
            <z>0</z>
            <w>-0.707106769</w>
            <eulerAngles>
              <x>0</x>
              <y>270</y>
              <z>0</z>
            </eulerAngles>
          </rotation>
        </Cubes>
        <Cubes>
          <position>
            <x>1.29483306</x>
            <y>0.4697398</y>
            <z>-1</z>
          </position>
          <rotation>
            <x>0</x>
            <y>0.707106769</y>
            <z>0</z>
            <w>-0.707106769</w>
            <eulerAngles>
              <x>0</x>
              <y>270</y>
              <z>0</z>
            </eulerAngles>
          </rotation>
        </Cubes>
        <Cubes>
          <position>
            <x>0.294833273</x>
            <y>0.4697398</y>
            <z>2</z>
          </position>
          <rotation>
            <x>0</x>
            <y>0.707106769</y>
            <z>0</z>
            <w>-0.707106769</w>
            <eulerAngles>
              <x>0</x>
              <y>270</y>
              <z>0</z>
            </eulerAngles>
          </rotation>
        </Cubes>
        <Cubes>
          <position>
            <x>0.2948335</x>
            <y>0.4697398</y>
            <z>3</z>
          </position>
          <rotation>
            <x>0</x>
            <y>0.707106769</y>
            <z>0</z>
            <w>-0.707106769</w>
            <eulerAngles>
              <x>0</x>
              <y>270</y>
              <z>0</z>
            </eulerAngles>
          </rotation>
        </Cubes>
        <Cubes>
          <position>
            <x>1.29483318</x>
            <y>0.4697398</y>
            <z>0</z>
          </position>
          <rotation>
            <x>0</x>
            <y>0.707106769</y>
            <z>0</z>
            <w>-0.707106769</w>
            <eulerAngles>
              <x>0</x>
              <y>270</y>
              <z>0</z>
            </eulerAngles>
          </rotation>
        </Cubes>
        <Cubes>
          <position>
            <x>-0.7051672</x>
            <y>0.4697398</y>
            <z>-1</z>
          </position>
          <rotation>
            <x>0</x>
            <y>0.707106769</y>
            <z>0</z>
            <w>-0.707106769</w>
            <eulerAngles>
              <x>0</x>
              <y>270</y>
              <z>0</z>
            </eulerAngles>
          </rotation>
        </Cubes>
        <Cubes>
          <position>
            <x>0.294833153</x>
            <y>0.4697398</y>
            <z>1</z>
          </position>
          <rotation>
            <x>0</x>
            <y>0.707106769</y>
            <z>0</z>
            <w>-0.707106769</w>
            <eulerAngles>
              <x>0</x>
              <y>270</y>
              <z>0</z>
            </eulerAngles>
          </rotation>
        </Cubes>
        <Cubes>
          <position>
            <x>0.294833034</x>
            <y>0.4697398</y>
            <z>0</z>
          </position>
          <rotation>
            <x>0</x>
            <y>0.707106769</y>
            <z>0</z>
            <w>-0.707106769</w>
            <eulerAngles>
              <x>0</x>
              <y>270</y>
              <z>0</z>
            </eulerAngles>
          </rotation>
        </Cubes>
      </CubeLoc>
      <CubesGiven>0</CubesGiven>
    </MovingPartArray>
  </Constructs>
  <Constructs>
    <ConstructName>Car</ConstructName>
    <StatcParts>
      <StaticPart>
        <position>
          <x>0</x>
          <y>1</y>
          <z>0</z>
        </position>
        <rotation>
          <x>0</x>
          <y>0</y>
          <z>0</z>
          <w>1</w>
          <eulerAngles>
            <x>0</x>
            <y>0</y>
            <z>0</z>
          </eulerAngles>
        </rotation>
      </StaticPart>
      <StaticPart>
        <position>
          <x>0</x>
          <y>1</y>
          <z>1</z>
        </position>
        <rotation>
          <x>0</x>
          <y>0</y>
          <z>0</z>
          <w>1</w>
          <eulerAngles>
            <x>0</x>
            <y>0</y>
            <z>0</z>
          </eulerAngles>
        </rotation>
      </StaticPart>
      <StaticPart>
        <position>
          <x>0</x>
          <y>1</y>
          <z>2</z>
        </position>
        <rotation>
          <x>0</x>
          <y>0</y>
          <z>0</z>
          <w>1</w>
          <eulerAngles>
            <x>0</x>
            <y>0</y>
            <z>0</z>
          </eulerAngles>
        </rotation>
      </StaticPart>
      <StaticPart>
        <position>
          <x>0</x>
          <y>1</y>
          <z>-1</z>
        </position>
        <rotation>
          <x>0</x>
          <y>0</y>
          <z>0</z>
          <w>1</w>
          <eulerAngles>
            <x>0</x>
            <y>0</y>
            <z>0</z>
          </eulerAngles>
        </rotation>
      </StaticPart>
      <StaticPart>
        <position>
          <x>0</x>
          <y>1</y>
          <z>-2</z>
        </position>
        <rotation>
          <x>0</x>
          <y>0</y>
          <z>0</z>
          <w>1</w>
          <eulerAngles>
            <x>0</x>
            <y>0</y>
            <z>0</z>
          </eulerAngles>
        </rotation>
      </StaticPart>
      <StaticPart>
        <position>
          <x>1</x>
          <y>1</y>
          <z>-2</z>
        </position>
        <rotation>
          <x>0</x>
          <y>0</y>
          <z>0</z>
          <w>1</w>
          <eulerAngles>
            <x>0</x>
            <y>0</y>
            <z>0</z>
          </eulerAngles>
        </rotation>
      </StaticPart>
      <StaticPart>
        <position>
          <x>1</x>
          <y>1</y>
          <z>-1</z>
        </position>
        <rotation>
          <x>0</x>
          <y>0</y>
          <z>0</z>
          <w>1</w>
          <eulerAngles>
            <x>0</x>
            <y>0</y>
            <z>0</z>
          </eulerAngles>
        </rotation>
      </StaticPart>
      <StaticPart>
        <position>
          <x>1</x>
          <y>1</y>
          <z>2</z>
        </position>
        <rotation>
          <x>0</x>
          <y>0</y>
          <z>0</z>
          <w>1</w>
          <eulerAngles>
            <x>0</x>
            <y>0</y>
            <z>0</z>
          </eulerAngles>
        </rotation>
      </StaticPart>
      <StaticPart>
        <position>
          <x>1</x>
          <y>1</y>
          <z>1</z>
        </position>
        <rotation>
          <x>0</x>
          <y>0</y>
          <z>0</z>
          <w>1</w>
          <eulerAngles>
            <x>0</x>
            <y>0</y>
            <z>0</z>
          </eulerAngles>
        </rotation>
      </StaticPart>
      <StaticPart>
        <position>
          <x>1</x>
          <y>1</y>
          <z>0</z>
        </position>
        <rotation>
          <x>0</x>
          <y>0</y>
          <z>0</z>
          <w>1</w>
          <eulerAngles>
            <x>0</x>
            <y>0</y>
            <z>0</z>
          </eulerAngles>
        </rotation>
      </StaticPart>
      <StaticPart>
        <position>
          <x>-1</x>
          <y>1</y>
          <z>0</z>
        </position>
        <rotation>
          <x>0</x>
          <y>0</y>
          <z>0</z>
          <w>1</w>
          <eulerAngles>
            <x>0</x>
            <y>0</y>
            <z>0</z>
          </eulerAngles>
        </rotation>
      </StaticPart>
      <StaticPart>
        <position>
          <x>-1</x>
          <y>1</y>
          <z>1</z>
        </position>
        <rotation>
          <x>0</x>
          <y>0</y>
          <z>0</z>
          <w>1</w>
          <eulerAngles>
            <x>0</x>
            <y>0</y>
            <z>0</z>
          </eulerAngles>
        </rotation>
      </StaticPart>
      <StaticPart>
        <position>
          <x>-1</x>
          <y>1</y>
          <z>2</z>
        </position>
        <rotation>
          <x>0</x>
          <y>0</y>
          <z>0</z>
          <w>1</w>
          <eulerAngles>
            <x>0</x>
            <y>0</y>
            <z>0</z>
          </eulerAngles>
        </rotation>
      </StaticPart>
      <StaticPart>
        <position>
          <x>-1</x>
          <y>1</y>
          <z>-1</z>
        </position>
        <rotation>
          <x>0</x>
          <y>0</y>
          <z>0</z>
          <w>1</w>
          <eulerAngles>
            <x>0</x>
            <y>0</y>
            <z>0</z>
          </eulerAngles>
        </rotation>
      </StaticPart>
      <StaticPart>
        <position>
          <x>-1</x>
          <y>1</y>
          <z>-2</z>
        </position>
        <rotation>
          <x>0</x>
          <y>0</y>
          <z>0</z>
          <w>1</w>
          <eulerAngles>
            <x>0</x>
            <y>0</y>
            <z>0</z>
          </eulerAngles>
        </rotation>
      </StaticPart>
      <StaticPart>
        <position>
          <x>-1</x>
          <y>1</y>
          <z>3</z>
        </position>
        <rotation>
          <x>0</x>
          <y>0</y>
          <z>0</z>
          <w>1</w>
          <eulerAngles>
            <x>0</x>
            <y>0</y>
            <z>0</z>
          </eulerAngles>
        </rotation>
      </StaticPart>
      <StaticPart>
        <position>
          <x>1</x>
          <y>1</y>
          <z>3</z>
        </position>
        <rotation>
          <x>0</x>
          <y>0</y>
          <z>0</z>
          <w>1</w>
          <eulerAngles>
            <x>0</x>
            <y>0</y>
            <z>0</z>
          </eulerAngles>
        </rotation>
      </StaticPart>
      <StaticPart>
        <position>
          <x>0</x>
          <y>1</y>
          <z>3</z>
        </position>
        <rotation>
          <x>0</x>
          <y>0</y>
          <z>0</z>
          <w>1</w>
          <eulerAngles>
            <x>0</x>
            <y>0</y>
            <z>0</z>
          </eulerAngles>
        </rotation>
      </StaticPart>
      <StaticPart>
        <position>
          <x>0.5</x>
          <y>2</y>
          <z>-1</z>
        </position>
        <rotation>
          <x>0</x>
          <y>0</y>
          <z>0</z>
          <w>1</w>
          <eulerAngles>
            <x>0</x>
            <y>0</y>
            <z>0</z>
          </eulerAngles>
        </rotation>
      </StaticPart>
      <StaticPart>
        <position>
          <x>0.5</x>
          <y>2</y>
          <z>2</z>
        </position>
        <rotation>
          <x>0</x>
          <y>0</y>
          <z>0</z>
          <w>1</w>
          <eulerAngles>
            <x>0</x>
            <y>0</y>
            <z>0</z>
          </eulerAngles>
        </rotation>
      </StaticPart>
      <StaticPart>
        <position>
          <x>0.5</x>
          <y>2</y>
          <z>1</z>
        </position>
        <rotation>
          <x>0</x>
          <y>0</y>
          <z>0</z>
          <w>1</w>
          <eulerAngles>
            <x>0</x>
            <y>0</y>
            <z>0</z>
          </eulerAngles>
        </rotation>
      </StaticPart>
      <StaticPart>
        <position>
          <x>0.5</x>
          <y>2</y>
          <z>0</z>
        </position>
        <rotation>
          <x>0</x>
          <y>0</y>
          <z>0</z>
          <w>1</w>
          <eulerAngles>
            <x>0</x>
            <y>0</y>
            <z>0</z>
          </eulerAngles>
        </rotation>
      </StaticPart>
      <StaticPart>
        <position>
          <x>-0.5</x>
          <y>2</y>
          <z>0</z>
        </position>
        <rotation>
          <x>0</x>
          <y>0</y>
          <z>0</z>
          <w>1</w>
          <eulerAngles>
            <x>0</x>
            <y>0</y>
            <z>0</z>
          </eulerAngles>
        </rotation>
      </StaticPart>
      <StaticPart>
        <position>
          <x>-0.5</x>
          <y>2</y>
          <z>1</z>
        </position>
        <rotation>
          <x>0</x>
          <y>0</y>
          <z>0</z>
          <w>1</w>
          <eulerAngles>
            <x>0</x>
            <y>0</y>
            <z>0</z>
          </eulerAngles>
        </rotation>
      </StaticPart>
      <StaticPart>
        <position>
          <x>-0.5</x>
          <y>2</y>
          <z>2</z>
        </position>
        <rotation>
          <x>0</x>
          <y>0</y>
          <z>0</z>
          <w>1</w>
          <eulerAngles>
            <x>0</x>
            <y>0</y>
            <z>0</z>
          </eulerAngles>
        </rotation>
      </StaticPart>
      <StaticPart>
        <position>
          <x>-0.5</x>
          <y>2</y>
          <z>-1</z>
        </position>
        <rotation>
          <x>0</x>
          <y>0</y>
          <z>0</z>
          <w>1</w>
          <eulerAngles>
            <x>0</x>
            <y>0</y>
            <z>0</z>
          </eulerAngles>
        </rotation>
      </StaticPart>
    </StatcParts>
    <MovingPartArray>
      <Name>Wheel</Name>
      <ParentLoc>
        <x>1.75</x>
        <y>0.88</y>
        <z>-1.19</z>
      </ParentLoc>
      <ParentRot>
        <x>0</x>
        <y>0</y>
        <z>0</z>
        <w>1</w>
        <eulerAngles>
          <x>0</x>
          <y>0</y>
          <z>0</z>
        </eulerAngles>
      </ParentRot>
      <Scale>
        <x>0.5</x>
        <y>0.5</y>
        <z>0.5</z>
      </Scale>
      <ParentMovingPart />
      <CubeLoc>
        <Cubes>
          <position>
            <x>0.0599999428</x>
            <y>-0.04096198</y>
            <z>0.02000022</z>
          </position>
          <rotation>
            <x>0</x>
            <y>0</y>
            <z>0</z>
            <w>1</w>
            <eulerAngles>
              <x>0</x>
              <y>0</y>
              <z>0</z>
            </eulerAngles>
          </rotation>
        </Cubes>
        <Cubes>
          <position>
            <x>0.0599999428</x>
            <y>-1.040962</y>
            <z>0.02000022</z>
          </position>
          <rotation>
            <x>0</x>
            <y>0</y>
            <z>0</z>
            <w>1</w>
            <eulerAngles>
              <x>0</x>
              <y>0</y>
              <z>0</z>
            </eulerAngles>
          </rotation>
        </Cubes>
        <Cubes>
          <position>
            <x>0.0599999428</x>
            <y>-0.04096198</y>
            <z>-0.9799998</z>
          </position>
          <rotation>
            <x>0</x>
            <y>0</y>
            <z>0</z>
            <w>1</w>
            <eulerAngles>
              <x>0</x>
              <y>0</y>
              <z>0</z>
            </eulerAngles>
          </rotation>
        </Cubes>
        <Cubes>
          <position>
            <x>0.0599999428</x>
            <y>0.959038</y>
            <z>0.02000022</z>
          </position>
          <rotation>
            <x>0</x>
            <y>0</y>
            <z>0</z>
            <w>1</w>
            <eulerAngles>
              <x>0</x>
              <y>0</y>
              <z>0</z>
            </eulerAngles>
          </rotation>
        </Cubes>
        <Cubes>
          <position>
            <x>0.0599999428</x>
            <y>-0.04096198</y>
            <z>1.0200001</z>
          </position>
          <rotation>
            <x>0</x>
            <y>0</y>
            <z>0</z>
            <w>1</w>
            <eulerAngles>
              <x>0</x>
              <y>0</y>
              <z>0</z>
            </eulerAngles>
          </rotation>
        </Cubes>
        <Cubes>
          <position>
            <x>0.0599999428</x>
            <y>-0.04096198</y>
            <z>2.02</z>
          </position>
          <rotation>
            <x>0</x>
            <y>0</y>
            <z>0</z>
            <w>1</w>
            <eulerAngles>
              <x>0</x>
              <y>0</y>
              <z>0</z>
            </eulerAngles>
          </rotation>
        </Cubes>
        <Cubes>
          <position>
            <x>0.0599999428</x>
            <y>-0.04096198</y>
            <z>-1.98</z>
          </position>
          <rotation>
            <x>0</x>
            <y>0</y>
            <z>0</z>
            <w>1</w>
            <eulerAngles>
              <x>0</x>
              <y>0</y>
              <z>0</z>
            </eulerAngles>
          </rotation>
        </Cubes>
        <Cubes>
          <position>
            <x>0.0599999428</x>
            <y>-2.040962</y>
            <z>0.02000022</z>
          </position>
          <rotation>
            <x>0</x>
            <y>0</y>
            <z>0</z>
            <w>1</w>
            <eulerAngles>
              <x>0</x>
              <y>0</y>
              <z>0</z>
            </eulerAngles>
          </rotation>
        </Cubes>
        <Cubes>
          <position>
            <x>0.0599999428</x>
            <y>1.959038</y>
            <z>0.02000022</z>
          </position>
          <rotation>
            <x>0</x>
            <y>0</y>
            <z>0</z>
            <w>1</w>
            <eulerAngles>
              <x>0</x>
              <y>0</y>
              <z>0</z>
            </eulerAngles>
          </rotation>
        </Cubes>
        <Cubes>
          <position>
            <x>0.0599999428</x>
            <y>-1.040962</y>
            <z>-0.9799998</z>
          </position>
          <rotation>
            <x>0</x>
            <y>0</y>
            <z>0</z>
            <w>1</w>
            <eulerAngles>
              <x>0</x>
              <y>0</y>
              <z>0</z>
            </eulerAngles>
          </rotation>
        </Cubes>
        <Cubes>
          <position>
            <x>0.0599999428</x>
            <y>-1.040962</y>
            <z>1.0200001</z>
          </position>
          <rotation>
            <x>0</x>
            <y>0</y>
            <z>0</z>
            <w>1</w>
            <eulerAngles>
              <x>0</x>
              <y>0</y>
              <z>0</z>
            </eulerAngles>
          </rotation>
        </Cubes>
        <Cubes>
          <position>
            <x>0.0599999428</x>
            <y>0.959038</y>
            <z>1.0200001</z>
          </position>
          <rotation>
            <x>0</x>
            <y>0</y>
            <z>0</z>
            <w>1</w>
            <eulerAngles>
              <x>0</x>
              <y>0</y>
              <z>0</z>
            </eulerAngles>
          </rotation>
        </Cubes>
        <Cubes>
          <position>
            <x>0.0599999428</x>
            <y>0.959038</y>
            <z>-0.9799998</z>
          </position>
          <rotation>
            <x>0</x>
            <y>0</y>
            <z>0</z>
            <w>1</w>
            <eulerAngles>
              <x>0</x>
              <y>0</y>
              <z>0</z>
            </eulerAngles>
          </rotation>
        </Cubes>
      </CubeLoc>
      <CubesGiven>0</CubesGiven>
    </MovingPartArray>
    <MovingPartArray>
      <Name>Wheel (1)</Name>
      <ParentLoc>
        <x>1.75</x>
        <y>0.88</y>
        <z>2.02</z>
      </ParentLoc>
      <ParentRot>
        <x>0</x>
        <y>0</y>
        <z>0</z>
        <w>1</w>
        <eulerAngles>
          <x>0</x>
          <y>0</y>
          <z>0</z>
        </eulerAngles>
      </ParentRot>
      <Scale>
        <x>0.5</x>
        <y>0.5</y>
        <z>0.5</z>
      </Scale>
      <ParentMovingPart />
      <CubeLoc>
        <Cubes>
          <position>
            <x>0.0599999428</x>
            <y>-0.04096198</y>
            <z>0.02000022</z>
          </position>
          <rotation>
            <x>0</x>
            <y>0</y>
            <z>0</z>
            <w>1</w>
            <eulerAngles>
              <x>0</x>
              <y>0</y>
              <z>0</z>
            </eulerAngles>
          </rotation>
        </Cubes>
        <Cubes>
          <position>
            <x>0.0599999428</x>
            <y>-1.040962</y>
            <z>0.02000022</z>
          </position>
          <rotation>
            <x>0</x>
            <y>0</y>
            <z>0</z>
            <w>1</w>
            <eulerAngles>
              <x>0</x>
              <y>0</y>
              <z>0</z>
            </eulerAngles>
          </rotation>
        </Cubes>
        <Cubes>
          <position>
            <x>0.0599999428</x>
            <y>-0.04096198</y>
            <z>-0.9799998</z>
          </position>
          <rotation>
            <x>0</x>
            <y>0</y>
            <z>0</z>
            <w>1</w>
            <eulerAngles>
              <x>0</x>
              <y>0</y>
              <z>0</z>
            </eulerAngles>
          </rotation>
        </Cubes>
        <Cubes>
          <position>
            <x>0.0599999428</x>
            <y>0.959038</y>
            <z>0.02000022</z>
          </position>
          <rotation>
            <x>0</x>
            <y>0</y>
            <z>0</z>
            <w>1</w>
            <eulerAngles>
              <x>0</x>
              <y>0</y>
              <z>0</z>
            </eulerAngles>
          </rotation>
        </Cubes>
        <Cubes>
          <position>
            <x>0.0599999428</x>
            <y>-0.04096198</y>
            <z>1.0200001</z>
          </position>
          <rotation>
            <x>0</x>
            <y>0</y>
            <z>0</z>
            <w>1</w>
            <eulerAngles>
              <x>0</x>
              <y>0</y>
              <z>0</z>
            </eulerAngles>
          </rotation>
        </Cubes>
        <Cubes>
          <position>
            <x>0.0599999428</x>
            <y>-0.04096198</y>
            <z>2.02</z>
          </position>
          <rotation>
            <x>0</x>
            <y>0</y>
            <z>0</z>
            <w>1</w>
            <eulerAngles>
              <x>0</x>
              <y>0</y>
              <z>0</z>
            </eulerAngles>
          </rotation>
        </Cubes>
        <Cubes>
          <position>
            <x>0.0599999428</x>
            <y>-0.04096198</y>
            <z>-1.98</z>
          </position>
          <rotation>
            <x>0</x>
            <y>0</y>
            <z>0</z>
            <w>1</w>
            <eulerAngles>
              <x>0</x>
              <y>0</y>
              <z>0</z>
            </eulerAngles>
          </rotation>
        </Cubes>
        <Cubes>
          <position>
            <x>0.0599999428</x>
            <y>-2.040962</y>
            <z>0.02000022</z>
          </position>
          <rotation>
            <x>0</x>
            <y>0</y>
            <z>0</z>
            <w>1</w>
            <eulerAngles>
              <x>0</x>
              <y>0</y>
              <z>0</z>
            </eulerAngles>
          </rotation>
        </Cubes>
        <Cubes>
          <position>
            <x>0.0599999428</x>
            <y>1.959038</y>
            <z>0.02000022</z>
          </position>
          <rotation>
            <x>0</x>
            <y>0</y>
            <z>0</z>
            <w>1</w>
            <eulerAngles>
              <x>0</x>
              <y>0</y>
              <z>0</z>
            </eulerAngles>
          </rotation>
        </Cubes>
        <Cubes>
          <position>
            <x>0.0599999428</x>
            <y>-1.040962</y>
            <z>-0.9799998</z>
          </position>
          <rotation>
            <x>0</x>
            <y>0</y>
            <z>0</z>
            <w>1</w>
            <eulerAngles>
              <x>0</x>
              <y>0</y>
              <z>0</z>
            </eulerAngles>
          </rotation>
        </Cubes>
        <Cubes>
          <position>
            <x>0.0599999428</x>
            <y>-1.040962</y>
            <z>1.0200001</z>
          </position>
          <rotation>
            <x>0</x>
            <y>0</y>
            <z>0</z>
            <w>1</w>
            <eulerAngles>
              <x>0</x>
              <y>0</y>
              <z>0</z>
            </eulerAngles>
          </rotation>
        </Cubes>
        <Cubes>
          <position>
            <x>0.0599999428</x>
            <y>0.959038</y>
            <z>1.0200001</z>
          </position>
          <rotation>
            <x>0</x>
            <y>0</y>
            <z>0</z>
            <w>1</w>
            <eulerAngles>
              <x>0</x>
              <y>0</y>
              <z>0</z>
            </eulerAngles>
          </rotation>
        </Cubes>
        <Cubes>
          <position>
            <x>0.0599999428</x>
            <y>0.959038</y>
            <z>-0.9799998</z>
          </position>
          <rotation>
            <x>0</x>
            <y>0</y>
            <z>0</z>
            <w>1</w>
            <eulerAngles>
              <x>0</x>
              <y>0</y>
              <z>0</z>
            </eulerAngles>
          </rotation>
        </Cubes>
      </CubeLoc>
      <CubesGiven>0</CubesGiven>
    </MovingPartArray>
    <MovingPartArray>
      <Name>Wheel (2)</Name>
      <ParentLoc>
        <x>-1.75</x>
        <y>0.88</y>
        <z>2.02</z>
      </ParentLoc>
      <ParentRot>
        <x>0</x>
        <y>0</y>
        <z>0</z>
        <w>1</w>
        <eulerAngles>
          <x>0</x>
          <y>0</y>
          <z>0</z>
        </eulerAngles>
      </ParentRot>
      <Scale>
        <x>0.5</x>
        <y>0.5</y>
        <z>0.5</z>
      </Scale>
      <ParentMovingPart />
      <CubeLoc>
        <Cubes>
          <position>
            <x>0.0599999428</x>
            <y>-0.04096198</y>
            <z>0.02000022</z>
          </position>
          <rotation>
            <x>0</x>
            <y>0</y>
            <z>0</z>
            <w>1</w>
            <eulerAngles>
              <x>0</x>
              <y>0</y>
              <z>0</z>
            </eulerAngles>
          </rotation>
        </Cubes>
        <Cubes>
          <position>
            <x>0.0599999428</x>
            <y>-1.040962</y>
            <z>0.02000022</z>
          </position>
          <rotation>
            <x>0</x>
            <y>0</y>
            <z>0</z>
            <w>1</w>
            <eulerAngles>
              <x>0</x>
              <y>0</y>
              <z>0</z>
            </eulerAngles>
          </rotation>
        </Cubes>
        <Cubes>
          <position>
            <x>0.0599999428</x>
            <y>-0.04096198</y>
            <z>-0.9799998</z>
          </position>
          <rotation>
            <x>0</x>
            <y>0</y>
            <z>0</z>
            <w>1</w>
            <eulerAngles>
              <x>0</x>
              <y>0</y>
              <z>0</z>
            </eulerAngles>
          </rotation>
        </Cubes>
        <Cubes>
          <position>
            <x>0.0599999428</x>
            <y>0.959038</y>
            <z>0.02000022</z>
          </position>
          <rotation>
            <x>0</x>
            <y>0</y>
            <z>0</z>
            <w>1</w>
            <eulerAngles>
              <x>0</x>
              <y>0</y>
              <z>0</z>
            </eulerAngles>
          </rotation>
        </Cubes>
        <Cubes>
          <position>
            <x>0.0599999428</x>
            <y>-0.04096198</y>
            <z>1.0200001</z>
          </position>
          <rotation>
            <x>0</x>
            <y>0</y>
            <z>0</z>
            <w>1</w>
            <eulerAngles>
              <x>0</x>
              <y>0</y>
              <z>0</z>
            </eulerAngles>
          </rotation>
        </Cubes>
        <Cubes>
          <position>
            <x>0.0599999428</x>
            <y>-0.04096198</y>
            <z>2.02</z>
          </position>
          <rotation>
            <x>0</x>
            <y>0</y>
            <z>0</z>
            <w>1</w>
            <eulerAngles>
              <x>0</x>
              <y>0</y>
              <z>0</z>
            </eulerAngles>
          </rotation>
        </Cubes>
        <Cubes>
          <position>
            <x>0.0599999428</x>
            <y>-0.04096198</y>
            <z>-1.98</z>
          </position>
          <rotation>
            <x>0</x>
            <y>0</y>
            <z>0</z>
            <w>1</w>
            <eulerAngles>
              <x>0</x>
              <y>0</y>
              <z>0</z>
            </eulerAngles>
          </rotation>
        </Cubes>
        <Cubes>
          <position>
            <x>0.0599999428</x>
            <y>-2.040962</y>
            <z>0.02000022</z>
          </position>
          <rotation>
            <x>0</x>
            <y>0</y>
            <z>0</z>
            <w>1</w>
            <eulerAngles>
              <x>0</x>
              <y>0</y>
              <z>0</z>
            </eulerAngles>
          </rotation>
        </Cubes>
        <Cubes>
          <position>
            <x>0.0599999428</x>
            <y>1.959038</y>
            <z>0.02000022</z>
          </position>
          <rotation>
            <x>0</x>
            <y>0</y>
            <z>0</z>
            <w>1</w>
            <eulerAngles>
              <x>0</x>
              <y>0</y>
              <z>0</z>
            </eulerAngles>
          </rotation>
        </Cubes>
        <Cubes>
          <position>
            <x>0.0599999428</x>
            <y>-1.040962</y>
            <z>-0.9799998</z>
          </position>
          <rotation>
            <x>0</x>
            <y>0</y>
            <z>0</z>
            <w>1</w>
            <eulerAngles>
              <x>0</x>
              <y>0</y>
              <z>0</z>
            </eulerAngles>
          </rotation>
        </Cubes>
        <Cubes>
          <position>
            <x>0.0599999428</x>
            <y>-1.040962</y>
            <z>1.0200001</z>
          </position>
          <rotation>
            <x>0</x>
            <y>0</y>
            <z>0</z>
            <w>1</w>
            <eulerAngles>
              <x>0</x>
              <y>0</y>
              <z>0</z>
            </eulerAngles>
          </rotation>
        </Cubes>
        <Cubes>
          <position>
            <x>0.0599999428</x>
            <y>0.959038</y>
            <z>1.0200001</z>
          </position>
          <rotation>
            <x>0</x>
            <y>0</y>
            <z>0</z>
            <w>1</w>
            <eulerAngles>
              <x>0</x>
              <y>0</y>
              <z>0</z>
            </eulerAngles>
          </rotation>
        </Cubes>
        <Cubes>
          <position>
            <x>0.0599999428</x>
            <y>0.959038</y>
            <z>-0.9799998</z>
          </position>
          <rotation>
            <x>0</x>
            <y>0</y>
            <z>0</z>
            <w>1</w>
            <eulerAngles>
              <x>0</x>
              <y>0</y>
              <z>0</z>
            </eulerAngles>
          </rotation>
        </Cubes>
      </CubeLoc>
      <CubesGiven>0</CubesGiven>
    </MovingPartArray>
    <MovingPartArray>
      <Name>Wheel (3)</Name>
      <ParentLoc>
        <x>-1.75</x>
        <y>0.88</y>
        <z>-1.19</z>
      </ParentLoc>
      <ParentRot>
        <x>0</x>
        <y>0</y>
        <z>0</z>
        <w>1</w>
        <eulerAngles>
          <x>0</x>
          <y>0</y>
          <z>0</z>
        </eulerAngles>
      </ParentRot>
      <Scale>
        <x>0.5</x>
        <y>0.5</y>
        <z>0.5</z>
      </Scale>
      <ParentMovingPart />
      <CubeLoc>
        <Cubes>
          <position>
            <x>0.0599999428</x>
            <y>-0.04096198</y>
            <z>0.02000022</z>
          </position>
          <rotation>
            <x>0</x>
            <y>0</y>
            <z>0</z>
            <w>1</w>
            <eulerAngles>
              <x>0</x>
              <y>0</y>
              <z>0</z>
            </eulerAngles>
          </rotation>
        </Cubes>
        <Cubes>
          <position>
            <x>0.0599999428</x>
            <y>-1.040962</y>
            <z>0.02000022</z>
          </position>
          <rotation>
            <x>0</x>
            <y>0</y>
            <z>0</z>
            <w>1</w>
            <eulerAngles>
              <x>0</x>
              <y>0</y>
              <z>0</z>
            </eulerAngles>
          </rotation>
        </Cubes>
        <Cubes>
          <position>
            <x>0.0599999428</x>
            <y>-0.04096198</y>
            <z>-0.9799998</z>
          </position>
          <rotation>
            <x>0</x>
            <y>0</y>
            <z>0</z>
            <w>1</w>
            <eulerAngles>
              <x>0</x>
              <y>0</y>
              <z>0</z>
            </eulerAngles>
          </rotation>
        </Cubes>
        <Cubes>
          <position>
            <x>0.0599999428</x>
            <y>0.959038</y>
            <z>0.02000022</z>
          </position>
          <rotation>
            <x>0</x>
            <y>0</y>
            <z>0</z>
            <w>1</w>
            <eulerAngles>
              <x>0</x>
              <y>0</y>
              <z>0</z>
            </eulerAngles>
          </rotation>
        </Cubes>
        <Cubes>
          <position>
            <x>0.0599999428</x>
            <y>-0.04096198</y>
            <z>1.0200001</z>
          </position>
          <rotation>
            <x>0</x>
            <y>0</y>
            <z>0</z>
            <w>1</w>
            <eulerAngles>
              <x>0</x>
              <y>0</y>
              <z>0</z>
            </eulerAngles>
          </rotation>
        </Cubes>
        <Cubes>
          <position>
            <x>0.0599999428</x>
            <y>-0.04096198</y>
            <z>2.02</z>
          </position>
          <rotation>
            <x>0</x>
            <y>0</y>
            <z>0</z>
            <w>1</w>
            <eulerAngles>
              <x>0</x>
              <y>0</y>
              <z>0</z>
            </eulerAngles>
          </rotation>
        </Cubes>
        <Cubes>
          <position>
            <x>0.0599999428</x>
            <y>-0.04096198</y>
            <z>-1.98</z>
          </position>
          <rotation>
            <x>0</x>
            <y>0</y>
            <z>0</z>
            <w>1</w>
            <eulerAngles>
              <x>0</x>
              <y>0</y>
              <z>0</z>
            </eulerAngles>
          </rotation>
        </Cubes>
        <Cubes>
          <position>
            <x>0.0599999428</x>
            <y>-2.040962</y>
            <z>0.02000022</z>
          </position>
          <rotation>
            <x>0</x>
            <y>0</y>
            <z>0</z>
            <w>1</w>
            <eulerAngles>
              <x>0</x>
              <y>0</y>
              <z>0</z>
            </eulerAngles>
          </rotation>
        </Cubes>
        <Cubes>
          <position>
            <x>0.0599999428</x>
            <y>1.959038</y>
            <z>0.02000022</z>
          </position>
          <rotation>
            <x>0</x>
            <y>0</y>
            <z>0</z>
            <w>1</w>
            <eulerAngles>
              <x>0</x>
              <y>0</y>
              <z>0</z>
            </eulerAngles>
          </rotation>
        </Cubes>
        <Cubes>
          <position>
            <x>0.0599999428</x>
            <y>-1.040962</y>
            <z>-0.9799998</z>
          </position>
          <rotation>
            <x>0</x>
            <y>0</y>
            <z>0</z>
            <w>1</w>
            <eulerAngles>
              <x>0</x>
              <y>0</y>
              <z>0</z>
            </eulerAngles>
          </rotation>
        </Cubes>
        <Cubes>
          <position>
            <x>0.0599999428</x>
            <y>-1.040962</y>
            <z>1.0200001</z>
          </position>
          <rotation>
            <x>0</x>
            <y>0</y>
            <z>0</z>
            <w>1</w>
            <eulerAngles>
              <x>0</x>
              <y>0</y>
              <z>0</z>
            </eulerAngles>
          </rotation>
        </Cubes>
        <Cubes>
          <position>
            <x>0.0599999428</x>
            <y>0.959038</y>
            <z>1.0200001</z>
          </position>
          <rotation>
            <x>0</x>
            <y>0</y>
            <z>0</z>
            <w>1</w>
            <eulerAngles>
              <x>0</x>
              <y>0</y>
              <z>0</z>
            </eulerAngles>
          </rotation>
        </Cubes>
        <Cubes>
          <position>
            <x>0.0599999428</x>
            <y>0.959038</y>
            <z>-0.9799998</z>
          </position>
          <rotation>
            <x>0</x>
            <y>0</y>
            <z>0</z>
            <w>1</w>
            <eulerAngles>
              <x>0</x>
              <y>0</y>
              <z>0</z>
            </eulerAngles>
          </rotation>
        </Cubes>
      </CubeLoc>
      <CubesGiven>0</CubesGiven>
    </MovingPartArray>
  </Constructs>
  <Constructs>
    <ConstructName>Key</ConstructName>
    <StatcParts />
    <MovingPartArray>
      <Name>KeyHolder</Name>
      <ParentLoc>
        <x>0</x>
        <y>0</y>
        <z>0</z>
      </ParentLoc>
      <ParentRot>
        <x>0</x>
        <y>0</y>
        <z>0</z>
        <w>1</w>
        <eulerAngles>
          <x>0</x>
          <y>0</y>
          <z>0</z>
        </eulerAngles>
      </ParentRot>
      <Scale>
        <x>0.5</x>
        <y>0.5</y>
        <z>0.5</z>
      </Scale>
      <ParentMovingPart />
      <CubeLoc>
        <Cubes>
          <position>
            <x>0</x>
            <y>0</y>
            <z>0</z>
          </position>
          <rotation>
            <x>0</x>
            <y>0</y>
            <z>0</z>
            <w>1</w>
            <eulerAngles>
              <x>0</x>
              <y>0</y>
              <z>0</z>
            </eulerAngles>
          </rotation>
        </Cubes>
        <Cubes>
          <position>
            <x>1</x>
            <y>0</y>
            <z>0</z>
          </position>
          <rotation>
            <x>0</x>
            <y>0</y>
            <z>0</z>
            <w>1</w>
            <eulerAngles>
              <x>0</x>
              <y>0</y>
              <z>0</z>
            </eulerAngles>
          </rotation>
        </Cubes>
        <Cubes>
          <position>
            <x>2</x>
            <y>0</y>
            <z>0</z>
          </position>
          <rotation>
            <x>0</x>
            <y>0</y>
            <z>0</z>
            <w>1</w>
            <eulerAngles>
              <x>0</x>
              <y>0</y>
              <z>0</z>
            </eulerAngles>
          </rotation>
        </Cubes>
        <Cubes>
          <position>
            <x>3</x>
            <y>0</y>
            <z>0</z>
          </position>
          <rotation>
            <x>0</x>
            <y>0</y>
            <z>0</z>
            <w>1</w>
            <eulerAngles>
              <x>0</x>
              <y>0</y>
              <z>0</z>
            </eulerAngles>
          </rotation>
        </Cubes>
        <Cubes>
          <position>
            <x>4</x>
            <y>0</y>
            <z>0</z>
          </position>
          <rotation>
            <x>0</x>
            <y>0</y>
            <z>0</z>
            <w>1</w>
            <eulerAngles>
              <x>0</x>
              <y>0</y>
              <z>0</z>
            </eulerAngles>
          </rotation>
        </Cubes>
        <Cubes>
          <position>
            <x>5</x>
            <y>0</y>
            <z>0</z>
          </position>
          <rotation>
            <x>0</x>
            <y>0</y>
            <z>0</z>
            <w>1</w>
            <eulerAngles>
              <x>0</x>
              <y>0</y>
              <z>0</z>
            </eulerAngles>
          </rotation>
        </Cubes>
        <Cubes>
          <position>
            <x>3</x>
            <y>0</y>
            <z>-1</z>
          </position>
          <rotation>
            <x>0</x>
            <y>0</y>
            <z>0</z>
            <w>1</w>
            <eulerAngles>
              <x>0</x>
              <y>0</y>
              <z>0</z>
            </eulerAngles>
          </rotation>
        </Cubes>
        <Cubes>
          <position>
            <x>5</x>
            <y>0</y>
            <z>-1</z>
          </position>
          <rotation>
            <x>0</x>
            <y>0</y>
            <z>0</z>
            <w>1</w>
            <eulerAngles>
              <x>0</x>
              <y>0</y>
              <z>0</z>
            </eulerAngles>
          </rotation>
        </Cubes>
        <Cubes>
          <position>
            <x>-1</x>
            <y>0</y>
            <z>0.5</z>
          </position>
          <rotation>
            <x>0</x>
            <y>0</y>
            <z>0</z>
            <w>1</w>
            <eulerAngles>
              <x>0</x>
              <y>0</y>
              <z>0</z>
            </eulerAngles>
          </rotation>
        </Cubes>
        <Cubes>
          <position>
            <x>-2</x>
            <y>0</y>
            <z>1</z>
          </position>
          <rotation>
            <x>0</x>
            <y>0</y>
            <z>0</z>
            <w>1</w>
            <eulerAngles>
              <x>0</x>
              <y>0</y>
              <z>0</z>
            </eulerAngles>
          </rotation>
        </Cubes>
        <Cubes>
          <position>
            <x>-3</x>
            <y>0</y>
            <z>1.5</z>
          </position>
          <rotation>
            <x>0</x>
            <y>0</y>
            <z>0</z>
            <w>1</w>
            <eulerAngles>
              <x>0</x>
              <y>0</y>
              <z>0</z>
            </eulerAngles>
          </rotation>
        </Cubes>
        <Cubes>
          <position>
            <x>-3</x>
            <y>0</y>
            <z>-1.5</z>
          </position>
          <rotation>
            <x>0</x>
            <y>0</y>
            <z>0</z>
            <w>1</w>
            <eulerAngles>
              <x>0</x>
              <y>0</y>
              <z>0</z>
            </eulerAngles>
          </rotation>
        </Cubes>
        <Cubes>
          <position>
            <x>-2</x>
            <y>0</y>
            <z>-1</z>
          </position>
          <rotation>
            <x>0</x>
            <y>0</y>
            <z>0</z>
            <w>1</w>
            <eulerAngles>
              <x>0</x>
              <y>0</y>
              <z>0</z>
            </eulerAngles>
          </rotation>
        </Cubes>
        <Cubes>
          <position>
            <x>-1</x>
            <y>0</y>
            <z>-0.5</z>
          </position>
          <rotation>
            <x>0</x>
            <y>0</y>
            <z>0</z>
            <w>1</w>
            <eulerAngles>
              <x>0</x>
              <y>0</y>
              <z>0</z>
            </eulerAngles>
          </rotation>
        </Cubes>
        <Cubes>
          <position>
            <x>-4</x>
            <y>0</y>
            <z>-1</z>
          </position>
          <rotation>
            <x>0</x>
            <y>0</y>
            <z>0</z>
            <w>1</w>
            <eulerAngles>
              <x>0</x>
              <y>0</y>
              <z>0</z>
            </eulerAngles>
          </rotation>
        </Cubes>
        <Cubes>
          <position>
            <x>-4</x>
            <y>0</y>
            <z>1</z>
          </position>
          <rotation>
            <x>0</x>
            <y>0</y>
            <z>0</z>
            <w>1</w>
            <eulerAngles>
              <x>0</x>
              <y>0</y>
              <z>0</z>
            </eulerAngles>
          </rotation>
        </Cubes>
        <Cubes>
          <position>
            <x>-5</x>
            <y>0</y>
            <z>-0.5</z>
          </position>
          <rotation>
            <x>0</x>
            <y>0</y>
            <z>0</z>
            <w>1</w>
            <eulerAngles>
              <x>0</x>
              <y>0</y>
              <z>0</z>
            </eulerAngles>
          </rotation>
        </Cubes>
        <Cubes>
          <position>
            <x>-5</x>
            <y>0</y>
            <z>0.5</z>
          </position>
          <rotation>
            <x>0</x>
            <y>0</y>
            <z>0</z>
            <w>1</w>
            <eulerAngles>
              <x>0</x>
              <y>0</y>
              <z>0</z>
            </eulerAngles>
          </rotation>
        </Cubes>
      </CubeLoc>
      <CubesGiven>0</CubesGiven>
    </MovingPartArray>
  </Constructs>
  <Constructs>
    <ConstructName>Tank</ConstructName>
    <StatcParts>
      <StaticPart>
        <position>
          <x>1</x>
          <y>1.5</y>
          <z>0</z>
        </position>
        <rotation>
          <x>0</x>
          <y>0</y>
          <z>0</z>
          <w>1</w>
          <eulerAngles>
            <x>0</x>
            <y>0</y>
            <z>0</z>
          </eulerAngles>
        </rotation>
      </StaticPart>
      <StaticPart>
        <position>
          <x>-1</x>
          <y>1.5</y>
          <z>0</z>
        </position>
        <rotation>
          <x>0</x>
          <y>0</y>
          <z>0</z>
          <w>1</w>
          <eulerAngles>
            <x>0</x>
            <y>0</y>
            <z>0</z>
          </eulerAngles>
        </rotation>
      </StaticPart>
      <StaticPart>
        <position>
          <x>-1</x>
          <y>1.5</y>
          <z>-2</z>
        </position>
        <rotation>
          <x>0</x>
          <y>0</y>
          <z>0</z>
          <w>1</w>
          <eulerAngles>
            <x>0</x>
            <y>0</y>
            <z>0</z>
          </eulerAngles>
        </rotation>
      </StaticPart>
      <StaticPart>
        <position>
          <x>-1</x>
          <y>1.5</y>
          <z>-1</z>
        </position>
        <rotation>
          <x>0</x>
          <y>0</y>
          <z>0</z>
          <w>1</w>
          <eulerAngles>
            <x>0</x>
            <y>0</y>
            <z>0</z>
          </eulerAngles>
        </rotation>
      </StaticPart>
      <StaticPart>
        <position>
          <x>0</x>
          <y>1.5</y>
          <z>-1</z>
        </position>
        <rotation>
          <x>0</x>
          <y>0</y>
          <z>0</z>
          <w>1</w>
          <eulerAngles>
            <x>0</x>
            <y>0</y>
            <z>0</z>
          </eulerAngles>
        </rotation>
      </StaticPart>
      <StaticPart>
        <position>
          <x>1</x>
          <y>1.5</y>
          <z>-1</z>
        </position>
        <rotation>
          <x>0</x>
          <y>0</y>
          <z>0</z>
          <w>1</w>
          <eulerAngles>
            <x>0</x>
            <y>0</y>
            <z>0</z>
          </eulerAngles>
        </rotation>
      </StaticPart>
      <StaticPart>
        <position>
          <x>1</x>
          <y>1.5</y>
          <z>-2</z>
        </position>
        <rotation>
          <x>0</x>
          <y>0</y>
          <z>0</z>
          <w>1</w>
          <eulerAngles>
            <x>0</x>
            <y>0</y>
            <z>0</z>
          </eulerAngles>
        </rotation>
      </StaticPart>
      <StaticPart>
        <position>
          <x>0</x>
          <y>1.5</y>
          <z>-2</z>
        </position>
        <rotation>
          <x>0</x>
          <y>0</y>
          <z>0</z>
          <w>1</w>
          <eulerAngles>
            <x>0</x>
            <y>0</y>
            <z>0</z>
          </eulerAngles>
        </rotation>
      </StaticPart>
      <StaticPart>
        <position>
          <x>-1</x>
          <y>1.5</y>
          <z>-3</z>
        </position>
        <rotation>
          <x>0</x>
          <y>0</y>
          <z>0</z>
          <w>1</w>
          <eulerAngles>
            <x>0</x>
            <y>0</y>
            <z>0</z>
          </eulerAngles>
        </rotation>
      </StaticPart>
      <StaticPart>
        <position>
          <x>0</x>
          <y>1.5</y>
          <z>-3</z>
        </position>
        <rotation>
          <x>0</x>
          <y>0</y>
          <z>0</z>
          <w>1</w>
          <eulerAngles>
            <x>0</x>
            <y>0</y>
            <z>0</z>
          </eulerAngles>
        </rotation>
      </StaticPart>
      <StaticPart>
        <position>
          <x>1</x>
          <y>1.5</y>
          <z>-3</z>
        </position>
        <rotation>
          <x>0</x>
          <y>0</y>
          <z>0</z>
          <w>1</w>
          <eulerAngles>
            <x>0</x>
            <y>0</y>
            <z>0</z>
          </eulerAngles>
        </rotation>
      </StaticPart>
      <StaticPart>
        <position>
          <x>0</x>
          <y>1</y>
          <z>-4</z>
        </position>
        <rotation>
          <x>0</x>
          <y>0</y>
          <z>0</z>
          <w>1</w>
          <eulerAngles>
            <x>0</x>
            <y>0</y>
            <z>0</z>
          </eulerAngles>
        </rotation>
      </StaticPart>
      <StaticPart>
        <position>
          <x>1</x>
          <y>1</y>
          <z>-4</z>
        </position>
        <rotation>
          <x>0</x>
          <y>0</y>
          <z>0</z>
          <w>1</w>
          <eulerAngles>
            <x>0</x>
            <y>0</y>
            <z>0</z>
          </eulerAngles>
        </rotation>
      </StaticPart>
      <StaticPart>
        <position>
          <x>1</x>
          <y>0.5</y>
          <z>-3</z>
        </position>
        <rotation>
          <x>0</x>
          <y>0</y>
          <z>0</z>
          <w>1</w>
          <eulerAngles>
            <x>0</x>
            <y>0</y>
            <z>0</z>
          </eulerAngles>
        </rotation>
      </StaticPart>
      <StaticPart>
        <position>
          <x>0</x>
          <y>0.5</y>
          <z>-3</z>
        </position>
        <rotation>
          <x>0</x>
          <y>0</y>
          <z>0</z>
          <w>1</w>
          <eulerAngles>
            <x>0</x>
            <y>0</y>
            <z>0</z>
          </eulerAngles>
        </rotation>
      </StaticPart>
      <StaticPart>
        <position>
          <x>-1</x>
          <y>0.5</y>
          <z>-3</z>
        </position>
        <rotation>
          <x>0</x>
          <y>0</y>
          <z>0</z>
          <w>1</w>
          <eulerAngles>
            <x>0</x>
            <y>0</y>
            <z>0</z>
          </eulerAngles>
        </rotation>
      </StaticPart>
      <StaticPart>
        <position>
          <x>-1</x>
          <y>1</y>
          <z>-4</z>
        </position>
        <rotation>
          <x>0</x>
          <y>0</y>
          <z>0</z>
          <w>1</w>
          <eulerAngles>
            <x>0</x>
            <y>0</y>
            <z>0</z>
          </eulerAngles>
        </rotation>
      </StaticPart>
      <StaticPart>
        <position>
          <x>0</x>
          <y>0.5</y>
          <z>-2</z>
        </position>
        <rotation>
          <x>0</x>
          <y>0</y>
          <z>0</z>
          <w>1</w>
          <eulerAngles>
            <x>0</x>
            <y>0</y>
            <z>0</z>
          </eulerAngles>
        </rotation>
      </StaticPart>
      <StaticPart>
        <position>
          <x>1</x>
          <y>0.5</y>
          <z>-2</z>
        </position>
        <rotation>
          <x>0</x>
          <y>0</y>
          <z>0</z>
          <w>1</w>
          <eulerAngles>
            <x>0</x>
            <y>0</y>
            <z>0</z>
          </eulerAngles>
        </rotation>
      </StaticPart>
      <StaticPart>
        <position>
          <x>1</x>
          <y>0.5</y>
          <z>-1</z>
        </position>
        <rotation>
          <x>0</x>
          <y>0</y>
          <z>0</z>
          <w>1</w>
          <eulerAngles>
            <x>0</x>
            <y>0</y>
            <z>0</z>
          </eulerAngles>
        </rotation>
      </StaticPart>
      <StaticPart>
        <position>
          <x>0</x>
          <y>0.5</y>
          <z>-1</z>
        </position>
        <rotation>
          <x>0</x>
          <y>0</y>
          <z>0</z>
          <w>1</w>
          <eulerAngles>
            <x>0</x>
            <y>0</y>
            <z>0</z>
          </eulerAngles>
        </rotation>
      </StaticPart>
      <StaticPart>
        <position>
          <x>-1</x>
          <y>0.5</y>
          <z>-1</z>
        </position>
        <rotation>
          <x>0</x>
          <y>0</y>
          <z>0</z>
          <w>1</w>
          <eulerAngles>
            <x>0</x>
            <y>0</y>
            <z>0</z>
          </eulerAngles>
        </rotation>
      </StaticPart>
      <StaticPart>
        <position>
          <x>-1</x>
          <y>0.5</y>
          <z>-2</z>
        </position>
        <rotation>
          <x>0</x>
          <y>0</y>
          <z>0</z>
          <w>1</w>
          <eulerAngles>
            <x>0</x>
            <y>0</y>
            <z>0</z>
          </eulerAngles>
        </rotation>
      </StaticPart>
      <StaticPart>
        <position>
          <x>-1</x>
          <y>0.5</y>
          <z>0</z>
        </position>
        <rotation>
          <x>0</x>
          <y>0</y>
          <z>0</z>
          <w>1</w>
          <eulerAngles>
            <x>0</x>
            <y>0</y>
            <z>0</z>
          </eulerAngles>
        </rotation>
      </StaticPart>
      <StaticPart>
        <position>
          <x>-1</x>
          <y>1</y>
          <z>1</z>
        </position>
        <rotation>
          <x>0</x>
          <y>0</y>
          <z>0</z>
          <w>1</w>
          <eulerAngles>
            <x>0</x>
            <y>0</y>
            <z>0</z>
          </eulerAngles>
        </rotation>
      </StaticPart>
      <StaticPart>
        <position>
          <x>0</x>
          <y>1</y>
          <z>1</z>
        </position>
        <rotation>
          <x>0</x>
          <y>0</y>
          <z>0</z>
          <w>1</w>
          <eulerAngles>
            <x>0</x>
            <y>0</y>
            <z>0</z>
          </eulerAngles>
        </rotation>
      </StaticPart>
      <StaticPart>
        <position>
          <x>1</x>
          <y>1</y>
          <z>1</z>
        </position>
        <rotation>
          <x>0</x>
          <y>0</y>
          <z>0</z>
          <w>1</w>
          <eulerAngles>
            <x>0</x>
            <y>0</y>
            <z>0</z>
          </eulerAngles>
        </rotation>
      </StaticPart>
      <StaticPart>
        <position>
          <x>1</x>
          <y>0.5</y>
          <z>0</z>
        </position>
        <rotation>
          <x>0</x>
          <y>0</y>
          <z>0</z>
          <w>1</w>
          <eulerAngles>
            <x>0</x>
            <y>0</y>
            <z>0</z>
          </eulerAngles>
        </rotation>
      </StaticPart>
      <StaticPart>
        <position>
          <x>0</x>
          <y>0.5</y>
          <z>0</z>
        </position>
        <rotation>
          <x>0</x>
          <y>0</y>
          <z>0</z>
          <w>1</w>
          <eulerAngles>
            <x>0</x>
            <y>0</y>
            <z>0</z>
          </eulerAngles>
        </rotation>
      </StaticPart>
    </StatcParts>
    <MovingPartArray>
      <Name>Turret</Name>
      <ParentLoc>
        <x>0</x>
        <y>3</y>
        <z>-0.6</z>
      </ParentLoc>
      <ParentRot>
        <x>0</x>
        <y>0</y>
        <z>0</z>
        <w>1</w>
        <eulerAngles>
          <x>0</x>
          <y>0</y>
          <z>0</z>
        </eulerAngles>
      </ParentRot>
      <Scale>
        <x>1</x>
        <y>1</y>
        <z>1</z>
      </Scale>
      <ParentMovingPart />
      <CubeLoc>
        <Cubes>
          <position>
            <x>0.56</x>
            <y>-0.5</y>
            <z>0.44</z>
          </position>
          <rotation>
            <x>0</x>
            <y>0</y>
            <z>0</z>
            <w>1</w>
            <eulerAngles>
              <x>0</x>
              <y>0</y>
              <z>0</z>
            </eulerAngles>
          </rotation>
        </Cubes>
        <Cubes>
          <position>
            <x>-0.44</x>
            <y>-0.5</y>
            <z>0.44</z>
          </position>
          <rotation>
            <x>0</x>
            <y>0</y>
            <z>0</z>
            <w>1</w>
            <eulerAngles>
              <x>0</x>
              <y>0</y>
              <z>0</z>
            </eulerAngles>
          </rotation>
        </Cubes>
        <Cubes>
          <position>
            <x>0.56</x>
            <y>-0.5</y>
            <z>-0.559999943</z>
          </position>
          <rotation>
            <x>0</x>
            <y>0</y>
            <z>0</z>
            <w>1</w>
            <eulerAngles>
              <x>0</x>
              <y>0</y>
              <z>0</z>
            </eulerAngles>
          </rotation>
        </Cubes>
        <Cubes>
          <position>
            <x>-0.44</x>
            <y>-0.5</y>
            <z>-0.559999943</z>
          </position>
          <rotation>
            <x>0</x>
            <y>0</y>
            <z>0</z>
            <w>1</w>
            <eulerAngles>
              <x>0</x>
              <y>0</y>
              <z>0</z>
            </eulerAngles>
          </rotation>
        </Cubes>
        <Cubes>
          <position>
            <x>0</x>
            <y>-0.5</y>
            <z>1.36</z>
          </position>
          <rotation>
            <x>0</x>
            <y>0</y>
            <z>0</z>
            <w>1</w>
            <eulerAngles>
              <x>0</x>
              <y>0</y>
              <z>0</z>
            </eulerAngles>
          </rotation>
        </Cubes>
        <Cubes>
          <position>
            <x>0</x>
            <y>-0.5</y>
            <z>2.36</z>
          </position>
          <rotation>
            <x>0</x>
            <y>0</y>
            <z>0</z>
            <w>1</w>
            <eulerAngles>
              <x>0</x>
              <y>0</y>
              <z>0</z>
            </eulerAngles>
          </rotation>
        </Cubes>
        <Cubes>
          <position>
            <x>0</x>
            <y>-0.5</y>
            <z>3</z>
          </position>
          <rotation>
            <x>0</x>
            <y>0</y>
            <z>0</z>
            <w>1</w>
            <eulerAngles>
              <x>0</x>
              <y>0</y>
              <z>0</z>
            </eulerAngles>
          </rotation>
        </Cubes>
      </CubeLoc>
      <CubesGiven>0</CubesGiven>
    </MovingPartArray>
  </Constructs>
</ArrayOfConstructs>